{"cm": [[321, 0], [0, 79]], "probs": [0.008804618380963802, 0.009517427533864975, 0.008509363979101181, 0.008254787884652615, 0.9947704672813416, 0.009021051228046417, 0.009492279030382633, 0.008982758037745953, 0.0084892762824893, 0.008156337775290012, 0.008271312341094017, 0.9947086572647095, 0.009135119616985321, 0.9946435689926147, 0.009517176076769829, 0.008620437234640121, 0.9949377775192261, 0.008354404009878635, 0.009102439507842064, 0.9942677021026611, 0.00991766806691885, 0.008631965145468712, 0.008592220954596996, 0.008327445946633816, 0.008950842544436455, 0.9946072697639465, 0.008458122611045837, 0.9943346977233887, 0.008666218258440495, 0.008506045676767826, 0.00836285762488842, 0.008955534547567368, 0.009449915960431099, 0.008773455396294594, 0.009449915960431099, 0.008431319147348404, 0.9943563342094421, 0.008806816302239895, 0.008337193168699741, 0.010016449727118015, 0.008216342888772488, 0.9944357872009277, 0.009084861725568771, 0.00890365056693554, 0.9943148493766785, 0.009151716716587543, 0.9941509366035461, 0.9944276809692383, 0.00849119108170271, 0.008186198770999908, 0.008835533633828163, 0.008480406366288662, 0.008544105105102062, 0.008497564122080803, 0.009374674409627914, 0.993914783000946, 0.008627518080174923, 0.00890414323657751, 0.008511661551892757, 0.00828711036592722, 0.9937955141067505, 0.00872987974435091, 0.008870295248925686, 0.008732174523174763, 0.00830916315317154, 0.009459427557885647, 0.008155465126037598, 0.009354219771921635, 0.008127772249281406, 0.008758087642490864, 0.008478177711367607, 0.9946006536483765, 0.9938228130340576, 0.009076712653040886, 0.008416658267378807, 0.008356106467545033, 0.9941543936729431, 0.00862395390868187, 0.008180234581232071, 0.994667649269104, 0.009027460590004921, 0.00918399915099144, 0.9944332242012024, 0.008547126315534115, 0.009016286581754684, 0.01002029050141573, 0.008720225654542446, 0.00872987974435091, 0.008965820074081421, 0.00817083939909935, 0.008628745563328266, 0.009222658351063728, 0.00872296653687954, 0.9942398071289062, 0.9944677352905273, 0.00882470328360796, 0.008912862278521061, 0.008382739499211311, 0.008784301578998566, 0.008791167289018631, 0.009439450688660145, 0.9941607117652893, 0.008632347919046879, 0.008491676300764084, 0.9946318864822388, 0.008513149805366993, 0.008379684761166573, 0.008934647776186466, 0.008720695041120052, 0.008784301578998566, 0.008531474508345127, 0.008678307756781578, 0.008784301578998566, 0.008464307524263859, 0.008541976101696491, 0.9940440058708191, 0.008244289085268974, 0.008435211144387722, 0.00894773006439209, 0.009461349807679653, 0.008591718040406704, 0.009355390444397926, 0.009099936112761497, 0.008399185724556446, 0.007731765508651733, 0.9945878982543945, 0.009018459357321262, 0.009242753498256207, 0.9944769740104675, 0.008924494497478008, 0.008631874807178974, 0.00868234969675541, 0.009032064117491245, 0.008796250447630882, 0.0083480104804039, 0.008808531798422337, 0.008611984550952911, 0.9942004680633545, 0.9946643114089966, 0.008572389371693134, 0.008703009225428104, 0.00864142831414938, 0.009000111371278763, 0.008220046758651733, 0.00906945951282978, 0.0093717435374856, 0.008701794780790806, 0.008716833777725697, 0.008622772060334682, 0.008348373696208, 0.008719994686543941, 0.00893024168908596, 0.9943759441375732, 0.008813336491584778, 0.008806816302239895, 0.008744499646127224, 0.9940180778503418, 0.008813870139420033, 0.008642842061817646, 0.008334457874298096, 0.008220046758651733, 0.008077388629317284, 0.9945343732833862, 0.008308994583785534, 0.00895414687693119, 0.008226105011999607, 0.009235604666173458, 0.008612509816884995, 0.009206964634358883, 0.008559059351682663, 0.008813336491584778, 0.00982156116515398, 0.008813336491584778, 0.008774947375059128, 0.9939887523651123, 0.008714589290320873, 0.009306089952588081, 0.009013364091515541, 0.008166241459548473, 0.008781877346336842, 0.008782441727817059, 0.008748059161007404, 0.008912895806133747, 0.009409371763467789, 0.00929320976138115, 0.9936249256134033, 0.009005969390273094, 0.008854550309479237, 0.009081453084945679, 0.009697961620986462, 0.008855609223246574, 0.008269173093140125, 0.008793896995484829, 0.9942753911018372, 0.9946208000183105, 0.008962440304458141, 0.008920830674469471, 0.008447512052953243, 0.008687147870659828, 0.994107723236084, 0.008874038234353065, 0.009196100756525993, 0.9942643046379089, 0.008863204158842564, 0.00846023391932249, 0.008724954910576344, 0.008966159075498581, 0.008248216472566128, 0.009148306213319302, 0.008467854000627995, 0.009135119616985321, 0.008308365009725094, 0.00817083939909935, 0.008461394347250462, 0.008660132996737957, 0.9945281147956848, 0.9935192465782166, 0.008356106467545033, 0.008854550309479237, 0.008620399981737137, 0.9945430755615234, 0.9945439100265503, 0.008330950513482094, 0.008527365513145924, 0.008966159075498581, 0.008437711745500565, 0.009059865027666092, 0.008391698822379112, 0.9944703578948975, 0.9940435290336609, 0.9944201111793518, 0.009072918444871902, 0.9941165447235107, 0.008560487069189548, 0.008853437379002571, 0.008652636781334877, 0.008395735174417496, 0.008751537650823593, 0.009754054248332977, 0.9945057034492493, 0.009086200967431068, 0.008345779962837696, 0.008552421815693378, 0.994445264339447, 0.009106379933655262, 0.994373083114624, 0.008077388629317284, 0.008566872216761112, 0.008885340765118599, 0.010016449727118015, 0.008746430277824402, 0.008696437813341618, 0.008072782307863235, 0.008399185724556446, 0.008821346797049046, 0.9943948984146118, 0.009541627019643784, 0.008186198770999908, 0.008820154704153538, 0.009350513108074665, 0.00960061140358448, 0.0089113749563694, 0.008839718997478485, 0.008295002393424511, 0.00902413297444582, 0.009110554121434689, 0.008965820074081421, 0.00878310576081276, 0.009296310134232044, 0.008797838352620602, 0.00960061140358448, 0.00827923696488142, 0.008710959926247597, 0.009253907948732376, 0.9944661259651184, 0.008417477831244469, 0.008127772249281406, 0.008776063099503517, 0.008295002393424511, 0.009016286581754684, 0.008265146985650063, 0.9947147965431213, 0.008327445946633816, 0.00855904258787632, 0.009013364091515541, 0.00871855579316616, 0.008513801731169224, 0.008305109106004238, 0.008792688138782978, 0.009165187366306782, 0.008547126315534115, 0.9948616623878479, 0.009095526300370693, 0.008348373696208, 0.9941917061805725, 0.009088438004255295, 0.008791349828243256, 0.00991766806691885, 0.009039082564413548, 0.008889544755220413, 0.0083480104804039, 0.009412518702447414, 0.9948437213897705, 0.009295369498431683, 0.008214524947106838, 0.008384349755942822, 0.00907091610133648, 0.008589736185967922, 0.008308994583785534, 0.00895414687693119, 0.008256169967353344, 0.9947487711906433, 0.00881521962583065, 0.008955886587500572, 0.008881880901753902, 0.994731068611145, 0.009859208017587662, 0.00854156818240881, 0.9940503239631653, 0.008691953495144844, 0.008953609503805637, 0.008789604529738426, 0.010200398974120617, 0.9945283532142639, 0.008566689677536488, 0.008780901320278645, 0.9943905472755432, 0.9946079254150391, 0.009070740081369877, 0.008576937951147556, 0.008746430277824402, 0.009483208879828453, 0.008570562116801739, 0.008843513205647469, 0.008662236854434013, 0.9941628575325012, 0.9944707155227661, 0.9941895008087158, 0.009123219177126884, 0.9934315085411072, 0.008505329489707947, 0.994857907295227, 0.994239091873169, 0.009021051228046417, 0.9944143295288086, 0.9944248199462891, 0.008268903009593487, 0.008643328212201595, 0.009083217941224575, 0.009005969390273094, 0.0089032594114542, 0.008386319503188133, 0.008885642513632774, 0.008720695041120052, 0.009439450688660145, 0.9940871000289917, 0.008644631132483482, 0.994398295879364, 0.008949784561991692, 0.008123294450342655, 0.9948516488075256, 0.008874038234353065, 0.008772268891334534, 0.008225779049098492, 0.00888998992741108, 0.008858978748321533, 0.009067227132618427, 0.994623064994812, 0.9939303398132324, 0.008968871086835861, 0.008072782307863235, 